{
     "accuracy": 0.8913043478260869,
     "f1": 0.9065420560747663,
     "precision": 0.9065420560747663,
     "recall": 0.9065420560747663,
     "confusion_matrix": [
          [
               67,
               10
          ],
          [
               10,
               97
          ]
     ]
}